library_id,plate
AF9462,P2460
AF9463,P2460
AF9464,P2460
AF9465,P2460
AF9466,P2460
AF9467,P2460
AF9468,P2460
AF9469,P2460
AF9470,P2460
AF9471,P2460
AF9472,P2460
AF9473,P2460
AF9474,P2460
AF9475,P2460
AF9476,P2460
AF9477,P2460
AF9478,P2460
AF9479,P2460
AF9480,P2460
AF9481,P2460
AF9482,P2460
AF9483,P2460
AF9484,P2460
AF9485,P2460
AF9486,P2460
AF9487,P2460
AF9488,P2460
AF9489,P2460
AF9490,P2460
AF9491,P2460
AF9492,P2460
AF9493,P2460
AF9494,P2460
AF9495,P2460
AF9496,P2460
AF9497,P2460
AF9498,P2460
AF9499,P2460
AF9500,P2460
AF9501,P2460
AF9502,P2460
AF9503,P2460
AF9504,P2460
AF9505,P2460
AF9506,P2460
AF9507,P2460
AF9508,P2460
AF9509,P2460
AF9510,P2460
AF9511,P2460
AF9512,P2460
AF9513,P2460
AF9514,P2460
AF9515,P2460
AF9516,P2460
AF9517,P2460
AF9518,P2460
AF9519,P2460
AF9520,P2460
AF9521,P2460
AF9522,P2460
AF9523,P2460
AF9524,P2460
AF9525,P2460
AF9526,P2460
AF9527,P2460
AF9528,P2460
AF9529,P2460
AF9530,P2460
AF9531,P2460
AF9532,P2460
AF9533,P2460
AF9534,P2460
AF9535,P2460
AF9536,P2460
AF9537,P2460
AF9538,P2460
AF9539,P2460
AF9540,P2460
AF9541,P2460
AF9542,P2460
AF9543,P2460
AF9544,P2460
AF9545,P2460
AF9546,P2460
AF9547,P2460
AF9548,P2460
AF9549,P2460
AF9550,P2460
AF9551,P2460
AF9552,P2460
AF9553,P2460
AF9554,P2460
AF9555,P2460
AF9556,P2460
AF9557,P2460
AF9558,P2461
AF9559,P2461
AF9560,P2461
AF9561,P2461
AF9562,P2461
AF9563,P2461
AF9564,P2461
AF9565,P2461
AF9566,P2461
AF9567,P2461
AF9568,P2461
AF9569,P2461
AF9570,P2461
AF9571,P2461
AF9572,P2461
AF9573,P2461
AF9574,P2461
AF9575,P2461
AF9576,P2461
AF9577,P2461
AF9578,P2461
AF9579,P2461
AF9580,P2461
AF9581,P2461
AF9582,P2461
AF9583,P2461
AF9584,P2461
AF9585,P2461
AF9586,P2461
AF9587,P2461
AF9588,P2461
AF9589,P2461
AF9590,P2461
AF9591,P2461
AF9592,P2461
AF9593,P2461
AF9594,P2461
AF9595,P2461
AF9596,P2461
AF9597,P2461
AF9598,P2461
AF9599,P2461
AF9600,P2461
AF9601,P2461
AF9602,P2461
AF9603,P2461
AF9604,P2461
AF9605,P2461
AF9606,P2461
AF9607,P2461
AF9608,P2461
AF9609,P2461
AF9610,P2461
AF9611,P2461
AF9612,P2461
AF9613,P2461
AF9614,P2461
AF9615,P2461
AF9616,P2461
AF9617,P2461
AF9618,P2461
AF9619,P2461
AF9620,P2461
AF9621,P2461
AF9622,P2461
AF9623,P2461
AF9624,P2461
AF9625,P2461
AF9626,P2461
AF9627,P2461
AF9628,P2461
AF9629,P2461
AF9630,P2461
AF9631,P2461
AF9632,P2461
AF9633,P2461
AF9634,P2461
AF9635,P2461
AF9636,P2461
AF9637,P2461
AF9638,P2461
AF9639,P2461
AF9640,P2461
AF9641,P2461
AF9642,P2461
AF9643,P2461
AF9644,P2461
AF9645,P2461
AF9646,P2461
AF9647,P2461
AF9648,P2461
AF9649,P2461
AF9650,P2461
AF9651,P2461
AF9652,P2461
AF9653,P2461
AF9654,P2462
AF9655,P2462
AF9656,P2462
AF9657,P2462
AF9658,P2462
AF9659,P2462
AF9660,P2462
AF9661,P2462
AF9662,P2462
AF9663,P2462
AF9664,P2462
AF9665,P2462
AF9666,P2462
AF9667,P2462
AF9668,P2462
AF9669,P2462
AF9670,P2462
AF9671,P2462
AF9672,P2462
AF9673,P2462
AF9674,P2462
AF9675,P2462
AF9676,P2462
AF9677,P2462
AF9678,P2462
AF9679,P2462
AF9680,P2462
AF9681,P2462
AF9682,P2462
AF9683,P2462
AF9684,P2462
AF9685,P2462
AF9686,P2462
AF9687,P2462
AF9688,P2462
AF9689,P2462
AF9690,P2462
AF9691,P2462
AF9692,P2462
AF9693,P2462
AF9694,P2462
AF9695,P2462
AF9696,P2462
AF9697,P2462
AF9698,P2462
AF9699,P2462
AF9700,P2462
AF9701,P2462
AF9702,P2462
AF9703,P2462
AF9704,P2462
AF9705,P2462
AF9706,P2462
AF9707,P2462
AF9708,P2462
AF9709,P2462
AF9710,P2462
AF9711,P2462
AF9712,P2462
AF9713,P2462
AF9714,P2462
AF9715,P2462
AF9716,P2462
AF9717,P2462
AF9718,P2462
AF9719,P2462
AF9720,P2462
AF9721,P2462
AF9722,P2462
AF9723,P2462
AF9724,P2462
AF9725,P2462
AF9726,P2462
AF9727,P2462
AF9728,P2462
AF9729,P2462
AF9730,P2462
AF9731,P2462
AF9732,P2462
AF9733,P2462
AF9734,P2462
AF9735,P2462
AF9736,P2462
AF9737,P2462
AF9738,P2462
AF9739,P2462
AF9740,P2462
AF9741,P2462
AF9742,P2462
AF9743,P2462
AF9744,P2462
AF9745,P2462
AF9746,P2462
AF9747,P2462
AF9748,P2462
AF9749,P2462
AF9750,P2463
AF9751,P2463
AF9752,P2463
AF9753,P2463
AF9754,P2463
AF9755,P2463
AF9756,P2463
AF9757,P2463
AF9758,P2463
AF9759,P2463
AF9760,P2463
AF9761,P2463
AF9762,P2463
AF9763,P2463
AF9764,P2463
AF9765,P2463
AF9766,P2463
AF9767,P2463
AF9768,P2463
AF9769,P2463
AF9770,P2463
AF9771,P2463
AF9772,P2463
AF9773,P2463
AF9774,P2463
AF9775,P2463
AF9776,P2463
AF9777,P2463
AF9778,P2463
AF9779,P2463
AF9780,P2463
AF9781,P2463
AF9782,P2463
AF9783,P2463
AF9784,P2463
AF9785,P2463
AF9786,P2463
AF9787,P2463
AF9788,P2463
AF9789,P2463
AF9790,P2463
AF9791,P2463
AF9792,P2463
AF9793,P2463
AF9794,P2463
AF9795,P2463
AF9796,P2463
AF9797,P2463
AF9798,P2463
AF9799,P2463
AF9800,P2463
AF9801,P2463
AF9802,P2463
AF9803,P2463
AF9804,P2463
AF9805,P2463
AF9806,P2463
AF9807,P2463
AF9808,P2463
AF9809,P2463
AF9810,P2463
AF9811,P2463
AF9812,P2463
AF9813,P2463
AF9814,P2463
AF9815,P2463
AF9816,P2463
AF9817,P2463
AF9818,P2463
AF9819,P2463
AF9820,P2463
AF9821,P2463
AF9822,P2463
AF9823,P2463
AF9824,P2463
AF9825,P2463
AF9826,P2463
AF9827,P2463
AF9828,P2463
AF9829,P2463
AF9830,P2463
AF9831,P2463
AF9832,P2463
AF9833,P2463
AF9834,P2463
AF9835,P2463
AF9836,P2463
AF9837,P2463
AF9838,P2463
AF9839,P2463
AF9840,P2463
AF9841,P2463
AF9842,P2463
AF9843,P2463
AF9844,P2463
AF9845,P2463
AF9846,P2464
AF9847,P2464
AF9848,P2464
AF9849,P2464
AF9850,P2464
AF9851,P2464
AF9852,P2464
AF9853,P2464
AF9854,P2464
AF9855,P2464
AF9856,P2464
AF9857,P2464
AF9858,P2464
AF9859,P2464
AF9860,P2464
AF9861,P2464
AF9862,P2464
AF9863,P2464
AF9864,P2464
AF9865,P2464
AF9866,P2464
AF9867,P2464
AF9868,P2464
AF9869,P2464
AF9870,P2464
AF9871,P2464
AF9872,P2464
AF9873,P2464
AF9874,P2464
AF9875,P2464
AF9876,P2464
AF9877,P2464
AF9878,P2464
AF9879,P2464
AF9880,P2464
AF9881,P2464
AF9882,P2464
AF9883,P2464
AF9884,P2464
AF9885,P2464
AF9886,P2464
AF9887,P2464
AF9888,P2464
AF9889,P2464
AF9890,P2464
AF9891,P2464
AF9892,P2464
AF9893,P2464
AF9894,P2464
AF9895,P2464
AF9896,P2464
AF9897,P2464
AF9898,P2464
AF9899,P2464
AF9900,P2464
AF9901,P2464
AF9902,P2464
AF9903,P2464
AF9904,P2464
AF9905,P2464
AF9906,P2464
AF9907,P2464
AF9908,P2464
AF9909,P2464
AF9910,P2464
AF9911,P2464
AF9912,P2464
AF9913,P2464
AF9914,P2464
AF9915,P2464
AF9916,P2464
AF9917,P2464
AF9918,P2464
AF9919,P2464
AF9920,P2464
AF9921,P2464
AF9922,P2464
AF9923,P2464
AF9924,P2464
AF9925,P2464
AF9926,P2464
AF9927,P2464
AF9928,P2464
AF9929,P2464
AF9930,P2464
AF9931,P2464
AF9932,P2464
AF9933,P2464
AF9934,P2464
AF9935,P2464
AF9936,P2464
AF9937,P2464
AF9938,P2464
AF9939,P2464
AF9940,P2464
AF9941,P2464
AF9942,P2465
AF9943,P2465
AF9944,P2465
AF9945,P2465
AF9946,P2465
AF9947,P2465
AF9948,P2465
AF9949,P2465
AF9950,P2465
AF9951,P2465
AF9952,P2465
AF9953,P2465
AF9954,P2465
AF9955,P2465
AF9956,P2465
AF9957,P2465
AF9958,P2465
AF9959,P2465
AF9960,P2465
AF9961,P2465
AF9962,P2465
AF9963,P2465
AF9964,P2465
AF9965,P2465
AF9966,P2465
AF9967,P2465
AF9968,P2465
AF9969,P2465
AF9970,P2465
AF9971,P2465
AF9972,P2465
AF9973,P2465
AF9974,P2465
AF9975,P2465
AF9976,P2465
AF9977,P2465
AF9978,P2465
AF9979,P2465
AF9980,P2465
AF9981,P2465
AF9982,P2465
AF9983,P2465
AF9984,P2465
AF9985,P2465
AF9986,P2465
AF9987,P2465
AF9988,P2465
AF9989,P2465
AF9990,P2465
AF9991,P2465
AF9992,P2465
AF9993,P2465
AF9994,P2465
AF9995,P2465
AF9996,P2465
AF9997,P2465
AF9998,P2465
AF9999,P2465
AG0000,P2465
AG0001,P2465
AG0002,P2465
AG0003,P2465
AG0004,P2465
AG0005,P2465
AG0006,P2465
AG0007,P2465
AG0008,P2465
AG0009,P2465
AG0010,P2465
AG0011,P2465
AG0012,P2465
AG0013,P2465
AG0014,P2465
AG0015,P2465
AG0016,P2465
AG0017,P2465
AG0018,P2465
AG0019,P2465
AG0020,P2465
AG0021,P2465
AG0022,P2465
AG0023,P2465
AG0024,P2465
AG0025,P2465
AG0026,P2465
AG0027,P2465
AG0028,P2465
AG0029,P2465
AG0030,P2465
AG0031,P2465
AG0032,P2465
AG0033,P2465
AG0034,P2465
AG0035,P2465
AG0036,P2465
AG0037,P2465
AG0038,P2466
AG0039,P2466
AG0040,P2466
AG0041,P2466
AG0042,P2466
AG0043,P2466
AG0044,P2466
AG0045,P2466
AG0046,P2466
AG0047,P2466
AG0048,P2466
AG0049,P2466
AG0050,P2466
AG0051,P2466
AG0052,P2466
AG0053,P2466
AG0054,P2466
AG0055,P2466
AG0056,P2466
AG0057,P2466
AG0058,P2466
AG0059,P2466
AG0060,P2466
AG0061,P2466
AG0062,P2466
AG0063,P2466
AG0064,P2466
AG0065,P2466
AG0066,P2466
AG0067,P2466
AG0068,P2466
AG0069,P2466
AG0070,P2466
AG0071,P2466
AG0072,P2466
AG0073,P2466
AG0074,P2466
AG0075,P2466
AG0076,P2466
AG0077,P2466
AG0078,P2466
AG0079,P2466
AG0080,P2466
AG0081,P2466
AG0082,P2466
AG0083,P2466
AG0084,P2466
AG0085,P2466
AG0086,P2466
AG0087,P2466
AG0088,P2466
AG0089,P2466
AG0090,P2466
AG0091,P2466
AG0092,P2466
AG0093,P2466
AG0094,P2466
AG0095,P2466
AG0096,P2466
AG0097,P2466
AG0098,P2466
AG0099,P2466
AG0100,P2466
AG0101,P2466
AG0102,P2466
AG0103,P2466
AG0104,P2466
AG0105,P2466
AG0106,P2466
AG0107,P2466
AG0108,P2466
AG0109,P2466
AG0110,P2466
AG0111,P2466
AG0112,P2466
AG0113,P2466
AG0114,P2466
AG0115,P2466
AG0116,P2466
AG0117,P2466
AG0118,P2466
AG0119,P2466
AG0120,P2466
AG0121,P2466
AG0122,P2466
AG0123,P2466
AG0124,P2466
AG0125,P2466
AG0126,P2466
AG0127,P2466
AG0128,P2466
AG0129,P2466
AG0130,P2466
AG0131,P2466
AG0132,P2466
AG0133,P2466
AG0134,P2467
AG0135,P2467
AG0136,P2467
AG0137,P2467
AG0138,P2467
AG0139,P2467
AG0140,P2467
AG0141,P2467
AG0142,P2467
AG0143,P2467
AG0144,P2467
AG0145,P2467
AG0146,P2467
AG0147,P2467
AG0148,P2467
AG0149,P2467
AG0150,P2467
AG0151,P2467
AG0152,P2467
AG0153,P2467
AG0154,P2467
AG0155,P2467
AG0156,P2467
AG0157,P2467
AG0158,P2467
AG0159,P2467
AG0160,P2467
AG0161,P2467
AG0162,P2467
AG0163,P2467
AG0164,P2467
AG0165,P2467
AG0166,P2467
AG0167,P2467
AG0168,P2467
AG0169,P2467
AG0170,P2467
AG0171,P2467
AG0172,P2467
AG0173,P2467
AG0174,P2467
AG0175,P2467
AG0176,P2467
AG0177,P2467
AG0178,P2467
AG0179,P2467
AG0180,P2467
AG0181,P2467
AG0182,P2467
AG0183,P2467
AG0184,P2467
AG0185,P2467
AG0186,P2467
AG0187,P2467
AG0188,P2467
AG0189,P2467
AG0190,P2467
AG0191,P2467
AG0192,P2467
AG0193,P2467
AG0194,P2467
AG0195,P2467
AG0196,P2467
AG0197,P2467
AG0198,P2467
AG0199,P2467
AG0200,P2467
AG0201,P2467
AG0202,P2467
AG0203,P2467
AG0204,P2467
AG0205,P2467
AG0206,P2467
AG0207,P2467
AG0208,P2467
AG0209,P2467
AG0210,P2467
AG0211,P2467
AG0212,P2467
AG0213,P2467
AG0214,P2467
AG0215,P2467
AG0216,P2467
AG0217,P2467
AG0218,P2467
AG0219,P2467
AG0220,P2467
AG0221,P2467
AG0222,P2467
AG0223,P2467
AG0224,P2467
AG0225,P2467
AG0226,P2467
AG0227,P2467
AG0228,P2467
AG0229,P2467
AG0474,P2468
AG0475,P2468
AG0476,P2468
AG0477,P2468
AG0478,P2468
AG0479,P2468
AG0480,P2468
AG0481,P2468
AG0482,P2468
AG0483,P2468
AG0484,P2468
AG0485,P2468
AG0486,P2468
AG0487,P2468
AG0488,P2468
AG0489,P2468
AG0490,P2468
AG0491,P2468
AG0492,P2468
AG0493,P2468
AG0494,P2468
AG0495,P2468
AG0496,P2468
AG0497,P2468
AG0498,P2468
AG0499,P2468
AG0500,P2468
AG0501,P2468
AG0502,P2468
AG0503,P2468
AG0504,P2468
AG0505,P2468
AG0506,P2468
AG0507,P2468
AG0508,P2468
AG0509,P2468
AG0510,P2468
AG0511,P2468
AG0512,P2468
AG0513,P2468
AG0514,P2468
AG0515,P2468
AG0516,P2468
AG0517,P2468
AG0518,P2468
AG0519,P2468
AG0520,P2468
AG0521,P2468
AG0522,P2468
AG0523,P2468
AG0524,P2468
AG0525,P2468
AG0526,P2468
AG0527,P2468
AG0528,P2468
AG0529,P2468
AG0530,P2468
AG0531,P2468
AG0532,P2468
AG0533,P2468
AG0534,P2468
AG0535,P2468
AG0536,P2468
AG0537,P2468
AG0538,P2468
AG0539,P2468
AG0540,P2468
AG0541,P2468
AG0542,P2468
AG0543,P2468
AG0544,P2468
AG0545,P2468
AG0546,P2468
AG0547,P2468
AG0548,P2468
AG0549,P2468
AG0550,P2468
AG0551,P2468
AG0552,P2468
AG0553,P2468
AG0554,P2468
AG0555,P2468
AG0556,P2468
AG0557,P2468
AG0558,P2468
AG0559,P2468
AG0560,P2468
AG0561,P2468
AG0562,P2468
AG0563,P2468
AG0564,P2468
AG0565,P2468
AG0566,P2468
AG0567,P2468
AG0568,P2468
AG0569,P2468
AG0570,P2469
AG0571,P2469
AG0572,P2469
AG0573,P2469
AG0574,P2469
AG0575,P2469
AG0576,P2469
AG0577,P2469
AG0578,P2469
AG0579,P2469
AG0580,P2469
AG0581,P2469
AG0582,P2469
AG0583,P2469
AG0584,P2469
AG0585,P2469
AG0586,P2469
AG0587,P2469
AG0588,P2469
AG0589,P2469
AG0590,P2469
AG0591,P2469
AG0592,P2469
AG0593,P2469
AG0594,P2469
AG0595,P2469
AG0596,P2469
AG0597,P2469
AG0598,P2469
AG0599,P2469
AG0600,P2469
AG0601,P2469
AG0602,P2469
AG0603,P2469
AG0604,P2469
AG0605,P2469
AG0606,P2469
AG0607,P2469
AG0608,P2469
AG0609,P2469
AG0610,P2469
AG0611,P2469
AG0612,P2469
AG0613,P2469
AG0614,P2469
AG0615,P2469
AG0616,P2469
AG0617,P2469
AG0618,P2469
AG0619,P2469
AG0620,P2469
AG0621,P2469
AG0622,P2469
AG0623,P2469
AG0624,P2469
AG0625,P2469
AG0626,P2469
AG0627,P2469
AG0628,P2469
AG0629,P2469
AG0630,P2469
AG0631,P2469
AG0632,P2469
AG0633,P2469
AG0634,P2469
AG0635,P2469
AG0636,P2469
AG0637,P2469
AG0638,P2469
AG0639,P2469
AG0640,P2469
AG0641,P2469
AG0642,P2469
AG0643,P2469
AG0644,P2469
AG0645,P2469
AG0646,P2469
AG0647,P2469
AG0648,P2469
AG0649,P2469
AG0650,P2469
AG0651,P2469
AG0652,P2469
AG0653,P2469
AG0654,P2469
AG0655,P2469
AG0656,P2469
AG0657,P2469
AG0658,P2469
AG0659,P2469
AG0660,P2469
AG0661,P2469
AG0662,P2469
AG0663,P2469
AG0664,P2469
AG0665,P2469
AG0666,P2471
AG0667,P2471
AG0668,P2471
AG0669,P2471
AG0670,P2471
AG0671,P2471
AG0672,P2471
AG0673,P2471
AG0674,P2471
AG0675,P2471
AG0676,P2471
AG0677,P2471
AG0678,P2471
AG0679,P2471
AG0680,P2471
AG0681,P2471
AG0682,P2471
AG0683,P2471
AG0684,P2471
AG0685,P2471
AG0686,P2471
AG0687,P2471
AG0688,P2471
AG0689,P2471
AG0690,P2471
AG0691,P2471
AG0692,P2471
AG0693,P2471
AG0694,P2471
AG0695,P2471
AG0696,P2471
AG0697,P2471
AG0698,P2471
AG0699,P2471
AG0700,P2471
AG0701,P2471
AG0702,P2471
AG0703,P2471
AG0704,P2471
AG0705,P2471
AG0706,P2471
AG0707,P2471
AG0708,P2471
AG0709,P2471
AG0710,P2471
AG0711,P2471
AG0712,P2471
AG0713,P2471
AG0714,P2471
AG0715,P2471
AG0716,P2471
AG0717,P2471
AG0718,P2471
AG0719,P2471
AG0720,P2471
AG0721,P2471
AG0722,P2471
AG0723,P2471
AG0724,P2471
AG0725,P2471
AG0726,P2471
AG0727,P2471
AG0728,P2471
AG0729,P2471
AG0730,P2471
AG0731,P2471
AG0732,P2471
AG0733,P2471
AG0734,P2471
AG0735,P2471
AG0736,P2471
AG0737,P2471
AG0738,P2471
AG0739,P2471
AG0740,P2471
AG0741,P2471
AG0742,P2471
AG0743,P2471
AG0744,P2471
AG0745,P2471
AG0746,P2471
AG0747,P2471
AG0748,P2471
AG0749,P2471
AG0750,P2471
AG0751,P2471
AG0752,P2471
AG0753,P2471
AG0754,P2471
AG0755,P2471
AG0756,P2471
AG0757,P2471
AG0758,P2471
AG0759,P2471
AG0760,P2471
AG0761,P2471
AG0762,P2470
AG0763,P2470
AG0764,P2470
AG0765,P2470
AG0766,P2470
AG0767,P2470
AG0768,P2470
AG0769,P2470
AG0770,P2470
AG0771,P2470
AG0772,P2470
AG0773,P2470
AG0774,P2470
AG0775,P2470
AG0776,P2470
AG0777,P2470
AG0778,P2470
AG0779,P2470
AG0780,P2470
AG0781,P2470
AG0782,P2470
AG0783,P2470
AG0784,P2470
AG0785,P2470
AG0786,P2470
AG0787,P2470
AG0788,P2470
AG0789,P2470
AG0790,P2470
AG0791,P2470
AG0792,P2470
AG0793,P2470
AG0794,P2470
AG0795,P2470
AG0796,P2470
AG0797,P2470
AG0798,P2470
AG0799,P2470
AG0800,P2470
AG0801,P2470
AG0802,P2470
AG0803,P2470
AG0804,P2470
AG0805,P2470
AG0806,P2470
AG0807,P2470
AG0808,P2470
AG0809,P2470
AG0810,P2470
AG0811,P2470
AG0812,P2470
AG0813,P2470
AG0814,P2470
AG0815,P2470
AG0816,P2470
AG0817,P2470
AG0818,P2470
AG0819,P2470
AG0820,P2470
AG0821,P2470
AG0822,P2470
AG0823,P2470
AG0824,P2470
AG0825,P2470
AG0826,P2470
AG0827,P2470
AG0828,P2470
AG0829,P2470
AG0830,P2470
AG0831,P2470
AG0832,P2470
AG0833,P2470
AG0834,P2470
AG0835,P2470
AG0836,P2470
AG0837,P2470
AG0838,P2470
AG0839,P2470
AG0840,P2470
AG0841,P2470
AG0842,P2470
AG0843,P2470
AG0844,P2470
AG0845,P2470
AG0846,P2470
AG0847,P2470
AG0848,P2470
AG0849,P2470
AG0850,P2470
AG0851,P2470
AG0852,P2470
AG0853,P2470
AG0854,P2470
AG0855,P2470
AG0856,P2470
AG0857,P2470
